"","Date","submission_count","log_sub_count"
"1",2017-04-06,5,1.6094379124341
"2",2017-04-07,6,1.79175946922805
"3",2017-04-08,1,0
"4",2017-04-09,2,0.693147180559945
"5",2017-04-10,6,1.79175946922805
"6",2017-04-11,7,1.94591014905531
"7",2017-04-12,8,2.07944154167984
"8",2017-04-13,7,1.94591014905531
"9",2017-04-14,6,1.79175946922805
"10",2017-04-15,4,1.38629436111989
"11",2017-04-16,2,0.693147180559945
"12",2017-04-17,9,2.19722457733622
"13",2017-04-18,6,1.79175946922805
"14",2017-04-19,5,1.6094379124341
"15",2017-04-20,3,1.09861228866811
"16",2017-04-21,2,0.693147180559945
"17",2017-04-22,2,0.693147180559945
"18",2017-04-23,9,2.19722457733622
"19",2017-04-24,8,2.07944154167984
"20",2017-04-25,8,2.07944154167984
"21",2017-04-26,8,2.07944154167984
"22",2017-04-27,5,1.6094379124341
"23",2017-04-28,4,1.38629436111989
"24",2017-04-29,1,0
"25",2017-04-30,10,2.30258509299405
"26",2017-05-01,18,2.89037175789616
"27",2017-05-02,7,1.94591014905531
"28",2017-05-03,12,2.484906649788
"29",2017-05-04,3,1.09861228866811
"30",2017-05-05,6,1.79175946922805
"31",2017-05-06,2,0.693147180559945
"32",2017-05-07,13,2.56494935746154
"33",2017-05-08,12,2.484906649788
"34",2017-05-09,10,2.30258509299405
"35",2017-05-10,11,2.39789527279837
"36",2017-05-11,3,1.09861228866811
"37",2017-05-12,9,2.19722457733622
"38",2017-05-13,9,2.19722457733622
"39",2017-05-14,5,1.6094379124341
"40",2017-05-15,6,1.79175946922805
"41",2017-05-16,2,0.693147180559945
"42",2017-05-17,8,2.07944154167984
"43",2017-05-18,7,1.94591014905531
"44",2017-05-19,7,1.94591014905531
"45",2017-05-20,11,2.39789527279837
"46",2017-05-21,7,1.94591014905531
"47",2017-05-22,4,1.38629436111989
"48",2017-05-23,7,1.94591014905531
"49",2017-05-24,9,2.19722457733622
"50",2017-05-25,6,1.79175946922805
"51",2017-05-26,5,1.6094379124341
"52",2017-05-27,6,1.79175946922805
"53",2017-05-28,7,1.94591014905531
"54",2017-05-29,5,1.6094379124341
"55",2017-05-30,9,2.19722457733622
"56",2017-05-31,10,2.30258509299405
"57",2017-06-01,5,1.6094379124341
"58",2017-06-02,5,1.6094379124341
"59",2017-06-03,9,2.19722457733622
"60",2017-06-04,5,1.6094379124341
"61",2017-06-05,9,2.19722457733622
"62",2017-06-06,8,2.07944154167984
"63",2017-06-07,6,1.79175946922805
"64",2017-06-08,8,2.07944154167984
"65",2017-06-09,6,1.79175946922805
"66",2017-06-10,10,2.30258509299405
"67",2017-06-11,5,1.6094379124341
"68",2017-06-12,16,2.77258872223978
"69",2017-06-13,10,2.30258509299405
"70",2017-06-14,8,2.07944154167984
"71",2017-06-15,6,1.79175946922805
"72",2017-06-16,7,1.94591014905531
"73",2017-06-17,11,2.39789527279837
"74",2017-06-18,2,0.693147180559945
"75",2017-06-19,11,2.39789527279837
"76",2017-06-20,4,1.38629436111989
"77",2017-06-21,7,1.94591014905531
"78",2017-06-22,5,1.6094379124341
"79",2017-06-23,9,2.19722457733622
"80",2017-06-24,2,0.693147180559945
"81",2017-06-25,9,2.19722457733622
"82",2017-06-26,16,2.77258872223978
"83",2017-06-27,6,1.79175946922805
"84",2017-06-28,10,2.30258509299405
"85",2017-06-29,10,2.30258509299405
"86",2017-06-30,6,1.79175946922805
"87",2017-07-01,8,2.07944154167984
"88",2017-07-02,5,1.6094379124341
"89",2017-07-03,10,2.30258509299405
"90",2017-07-04,4,1.38629436111989
"91",2017-07-05,8,2.07944154167984
"92",2017-07-06,10,2.30258509299405
"93",2017-07-07,8,2.07944154167984
"94",2017-07-08,7,1.94591014905531
"95",2017-07-09,11,2.39789527279837
"96",2017-07-10,13,2.56494935746154
"97",2017-07-11,15,2.70805020110221
"98",2017-07-12,9,2.19722457733622
"99",2017-07-13,9,2.19722457733622
"100",2017-07-14,9,2.19722457733622
"101",2017-07-15,8,2.07944154167984
"102",2017-07-16,11,2.39789527279837
"103",2017-07-17,15,2.70805020110221
"104",2017-07-18,13,2.56494935746154
"105",2017-07-19,12,2.484906649788
"106",2017-07-20,8,2.07944154167984
"107",2017-07-21,11,2.39789527279837
"108",2017-07-22,16,2.77258872223978
"109",2017-07-23,17,2.83321334405622
"110",2017-07-24,16,2.77258872223978
"111",2017-07-25,7,1.94591014905531
"112",2017-07-26,16,2.77258872223978
"113",2017-07-27,15,2.70805020110221
"114",2017-07-28,11,2.39789527279837
"115",2017-07-29,8,2.07944154167984
"116",2017-07-30,12,2.484906649788
"117",2017-07-31,18,2.89037175789616
"118",2017-08-01,13,2.56494935746154
"119",2017-08-02,12,2.484906649788
"120",2017-08-03,8,2.07944154167984
"121",2017-08-04,5,1.6094379124341
"122",2017-08-05,6,1.79175946922805
"123",2017-08-06,15,2.70805020110221
"124",2017-08-07,19,2.94443897916644
"125",2017-08-08,11,2.39789527279837
"126",2017-08-09,17,2.83321334405622
"127",2017-08-10,12,2.484906649788
"128",2017-08-11,10,2.30258509299405
"129",2017-08-12,11,2.39789527279837
"130",2017-08-13,13,2.56494935746154
"131",2017-08-14,22,3.09104245335832
"132",2017-08-15,12,2.484906649788
"133",2017-08-16,8,2.07944154167984
"134",2017-08-17,12,2.484906649788
"135",2017-08-18,9,2.19722457733622
"136",2017-08-19,11,2.39789527279837
"137",2017-08-20,11,2.39789527279837
"138",2017-08-21,13,2.56494935746154
"139",2017-08-22,12,2.484906649788
"140",2017-08-23,19,2.94443897916644
"141",2017-08-24,14,2.63905732961526
"142",2017-08-25,10,2.30258509299405
"143",2017-08-26,13,2.56494935746154
"144",2017-08-27,22,3.09104245335832
"145",2017-08-28,16,2.77258872223978
"146",2017-08-29,13,2.56494935746154
"147",2017-08-30,10,2.30258509299405
"148",2017-08-31,8,2.07944154167984
"149",2017-09-01,7,1.94591014905531
"150",2017-09-02,12,2.484906649788
"151",2017-09-03,6,1.79175946922805
"152",2017-09-04,18,2.89037175789616
"153",2017-09-05,10,2.30258509299405
"154",2017-09-06,12,2.484906649788
"155",2017-09-07,15,2.70805020110221
"156",2017-09-08,11,2.39789527279837
"157",2017-09-09,9,2.19722457733622
"158",2017-09-10,13,2.56494935746154
"159",2017-09-11,11,2.39789527279837
"160",2017-09-12,11,2.39789527279837
"161",2017-09-13,14,2.63905732961526
"162",2017-09-14,11,2.39789527279837
"163",2017-09-15,8,2.07944154167984
"164",2017-09-16,13,2.56494935746154
"165",2017-09-17,12,2.484906649788
"166",2017-09-18,10,2.30258509299405
"167",2017-09-19,16,2.77258872223978
"168",2017-09-20,18,2.89037175789616
"169",2017-09-21,9,2.19722457733622
"170",2017-09-22,9,2.19722457733622
"171",2017-09-23,13,2.56494935746154
"172",2017-09-24,15,2.70805020110221
"173",2017-09-25,19,2.94443897916644
"174",2017-09-26,7,1.94591014905531
"175",2017-09-27,13,2.56494935746154
"176",2017-09-28,14,2.63905732961526
"177",2017-09-29,12,2.484906649788
"178",2017-09-30,16,2.77258872223978
"179",2017-10-01,12,2.484906649788
"180",2017-10-02,8,2.07944154167984
"181",2017-10-03,19,2.94443897916644
"182",2017-10-04,17,2.83321334405622
"183",2017-10-05,17,2.83321334405622
"184",2017-10-06,7,1.94591014905531
"185",2017-10-07,11,2.39789527279837
"186",2017-10-08,11,2.39789527279837
"187",2017-10-09,11,2.39789527279837
"188",2017-10-10,11,2.39789527279837
"189",2017-10-11,7,1.94591014905531
"190",2017-10-12,13,2.56494935746154
"191",2017-10-13,6,1.79175946922805
"192",2017-10-14,8,2.07944154167984
"193",2017-10-15,16,2.77258872223978
"194",2017-10-16,16,2.77258872223978
"195",2017-10-17,18,2.89037175789616
"196",2017-10-18,21,3.04452243772342
"197",2017-10-19,15,2.70805020110221
"198",2017-10-20,14,2.63905732961526
"199",2017-10-21,21,3.04452243772342
"200",2017-10-22,17,2.83321334405622
"201",2017-10-23,15,2.70805020110221
"202",2017-10-24,17,2.83321334405622
"203",2017-10-25,10,2.30258509299405
"204",2017-10-26,17,2.83321334405622
"205",2017-10-27,18,2.89037175789616
"206",2017-10-28,12,2.484906649788
"207",2017-10-29,23,3.13549421592915
"208",2017-10-30,25,3.2188758248682
"209",2017-10-31,20,2.99573227355399
"210",2017-11-01,23,3.13549421592915
"211",2017-11-02,16,2.77258872223978
"212",2017-11-03,9,2.19722457733622
"213",2017-11-04,7,1.94591014905531
"214",2017-11-05,14,2.63905732961526
"215",2017-11-06,11,2.39789527279837
"216",2017-11-07,18,2.89037175789616
"217",2017-11-08,16,2.77258872223978
"218",2017-11-09,9,2.19722457733622
"219",2017-11-10,15,2.70805020110221
"220",2017-11-11,9,2.19722457733622
"221",2017-11-12,13,2.56494935746154
"222",2017-11-13,18,2.89037175789616
"223",2017-11-14,19,2.94443897916644
"224",2017-11-15,23,3.13549421592915
"225",2017-11-16,11,2.39789527279837
"226",2017-11-17,14,2.63905732961526
"227",2017-11-18,11,2.39789527279837
"228",2017-11-19,24,3.17805383034795
"229",2017-11-20,35,3.55534806148941
"230",2017-11-21,11,2.39789527279837
"231",2017-11-22,17,2.83321334405622
"232",2017-11-23,7,1.94591014905531
"233",2017-11-24,13,2.56494935746154
"234",2017-11-25,13,2.56494935746154
"235",2017-11-26,18,2.89037175789616
"236",2017-11-27,17,2.83321334405622
"237",2017-11-28,30,3.40119738166216
"238",2017-11-29,22,3.09104245335832
"239",2017-11-30,21,3.04452243772342
"240",2017-12-01,8,2.07944154167984
"241",2017-12-02,11,2.39789527279837
"242",2017-12-03,19,2.94443897916644
"243",2017-12-04,14,2.63905732961526
"244",2017-12-05,31,3.43398720448515
"245",2017-12-06,13,2.56494935746154
"246",2017-12-07,21,3.04452243772342
"247",2017-12-08,15,2.70805020110221
"248",2017-12-09,13,2.56494935746154
"249",2017-12-10,22,3.09104245335832
"250",2017-12-11,25,3.2188758248682
"251",2017-12-12,21,3.04452243772342
"252",2017-12-13,20,2.99573227355399
"253",2017-12-14,21,3.04452243772342
"254",2017-12-15,15,2.70805020110221
"255",2017-12-16,14,2.63905732961526
"256",2017-12-17,19,2.94443897916644
"257",2017-12-18,24,3.17805383034795
"258",2017-12-19,20,2.99573227355399
"259",2017-12-20,24,3.17805383034795
"260",2017-12-21,13,2.56494935746154
"261",2017-12-22,16,2.77258872223978
"262",2017-12-23,15,2.70805020110221
"263",2017-12-24,10,2.30258509299405
"264",2017-12-25,5,1.6094379124341
"265",2017-12-26,14,2.63905732961526
"266",2017-12-27,27,3.29583686600433
"267",2017-12-28,22,3.09104245335832
"268",2017-12-29,27,3.29583686600433
"269",2017-12-30,18,2.89037175789616
"270",2017-12-31,22,3.09104245335832
"271",2018-01-01,28,3.3322045101752
"272",2018-01-02,18,2.89037175789616
"273",2018-01-03,20,2.99573227355399
"274",2018-01-04,18,2.89037175789616
"275",2018-01-05,15,2.70805020110221
"276",2018-01-06,9,2.19722457733622
"277",2018-01-07,16,2.77258872223978
"278",2018-01-08,26,3.25809653802148
"279",2018-01-09,15,2.70805020110221
"280",2018-01-10,16,2.77258872223978
"281",2018-01-11,15,2.70805020110221
"282",2018-01-12,17,2.83321334405622
"283",2018-01-13,15,2.70805020110221
"284",2018-01-14,10,2.30258509299405
"285",2018-01-15,22,3.09104245335832
"286",2018-01-16,23,3.13549421592915
"287",2018-01-17,27,3.29583686600433
"288",2018-01-18,20,2.99573227355399
"289",2018-01-19,18,2.89037175789616
"290",2018-01-20,9,2.19722457733622
"291",2018-01-21,24,3.17805383034795
"292",2018-01-22,35,3.55534806148941
"293",2018-01-23,33,3.49650756146648
"294",2018-01-24,32,3.46573590279973
"295",2018-01-25,10,2.30258509299405
"296",2018-01-26,18,2.89037175789616
"297",2018-01-27,13,2.56494935746154
"298",2018-01-28,30,3.40119738166216
"299",2018-01-29,25,3.2188758248682
"300",2018-01-30,19,2.94443897916644
"301",2018-01-31,32,3.46573590279973
"302",2018-02-01,17,2.83321334405622
"303",2018-02-02,19,2.94443897916644
"304",2018-02-03,20,2.99573227355399
"305",2018-02-04,24,3.17805383034795
"306",2018-02-05,27,3.29583686600433
"307",2018-02-06,25,3.2188758248682
"308",2018-02-07,26,3.25809653802148
"309",2018-02-08,22,3.09104245335832
"310",2018-02-09,16,2.77258872223978
"311",2018-02-10,20,2.99573227355399
"312",2018-02-11,23,3.13549421592915
"313",2018-02-12,29,3.36729582998647
"314",2018-02-13,35,3.55534806148941
"315",2018-02-14,28,3.3322045101752
"316",2018-02-15,20,2.99573227355399
"317",2018-02-16,16,2.77258872223978
"318",2018-02-17,18,2.89037175789616
"319",2018-02-18,14,2.63905732961526
"320",2018-02-19,31,3.43398720448515
"321",2018-02-20,41,3.71357206670431
"322",2018-02-21,35,3.55534806148941
"323",2018-02-22,24,3.17805383034795
"324",2018-02-23,21,3.04452243772342
"325",2018-02-24,19,2.94443897916644
"326",2018-02-25,27,3.29583686600433
"327",2018-02-26,34,3.52636052461616
"328",2018-02-27,23,3.13549421592915
"329",2018-02-28,31,3.43398720448515
"330",2018-03-01,31,3.43398720448515
"331",2018-03-02,17,2.83321334405622
"332",2018-03-03,13,2.56494935746154
"333",2018-03-04,22,3.09104245335832
"334",2018-03-05,28,3.3322045101752
"335",2018-03-06,21,3.04452243772342
"336",2018-03-07,20,2.99573227355399
"337",2018-03-08,18,2.89037175789616
"338",2018-03-09,11,2.39789527279837
"339",2018-03-10,22,3.09104245335832
"340",2018-03-11,21,3.04452243772342
"341",2018-03-12,34,3.52636052461616
"342",2018-03-13,21,3.04452243772342
"343",2018-03-14,22,3.09104245335832
"344",2018-03-15,28,3.3322045101752
"345",2018-03-16,14,2.63905732961526
"346",2018-03-17,19,2.94443897916644
"347",2018-03-18,17,2.83321334405622
"348",2018-03-19,31,3.43398720448515
"349",2018-03-20,36,3.58351893845611
"350",2018-03-21,14,2.63905732961526
"351",2018-03-22,21,3.04452243772342
"352",2018-03-23,18,2.89037175789616
"353",2018-03-24,20,2.99573227355399
"354",2018-03-25,25,3.2188758248682
"355",2018-03-26,22,3.09104245335832
"356",2018-03-27,22,3.09104245335832
"357",2018-03-28,23,3.13549421592915
"358",2018-03-29,28,3.3322045101752
"359",2018-03-30,15,2.70805020110221
"360",2018-03-31,28,3.3322045101752
"361",2018-04-01,23,3.13549421592915
"362",2018-04-02,23,3.13549421592915
"363",2018-04-03,28,3.3322045101752
"364",2018-04-04,22,3.09104245335832
"365",2018-04-05,18,2.89037175789616
"366",2018-04-06,21,3.04452243772342
"367",2018-04-07,17,2.83321334405622
"368",2018-04-08,21,3.04452243772342
"369",2018-04-09,33,3.49650756146648
"370",2018-04-10,24,3.17805383034795
"371",2018-04-11,24,3.17805383034795
"372",2018-04-12,25,3.2188758248682
"373",2018-04-13,17,2.83321334405622
"374",2018-04-14,12,2.484906649788
"375",2018-04-15,20,2.99573227355399
"376",2018-04-16,26,3.25809653802148
"377",2018-04-17,22,3.09104245335832
"378",2018-04-18,19,2.94443897916644
"379",2018-04-19,15,2.70805020110221
"380",2018-04-20,13,2.56494935746154
"381",2018-04-21,14,2.63905732961526
"382",2018-04-22,27,3.29583686600433
"383",2018-04-23,38,3.63758615972639
"384",2018-04-24,26,3.25809653802148
"385",2018-04-25,30,3.40119738166216
"386",2018-04-26,24,3.17805383034795
"387",2018-04-27,18,2.89037175789616
"388",2018-04-28,17,2.83321334405622
"389",2018-04-29,25,3.2188758248682
"390",2018-04-30,38,3.63758615972639
"391",2018-05-01,44,3.78418963391826
"392",2018-05-02,19,2.94443897916644
"393",2018-05-03,15,2.70805020110221
"394",2018-05-04,15,2.70805020110221
"395",2018-05-05,22,3.09104245335832
"396",2018-05-06,19,2.94443897916644
"397",2018-05-07,34,3.52636052461616
"398",2018-05-08,20,2.99573227355399
"399",2018-05-09,29,3.36729582998647
"400",2018-05-10,18,2.89037175789616
"401",2018-05-11,14,2.63905732961526
"402",2018-05-12,14,2.63905732961526
"403",2018-05-13,20,2.99573227355399
"404",2018-05-14,39,3.66356164612965
"405",2018-05-15,29,3.36729582998647
"406",2018-05-16,26,3.25809653802148
"407",2018-05-17,24,3.17805383034795
"408",2018-05-18,17,2.83321334405622
"409",2018-05-19,18,2.89037175789616
"410",2018-05-20,18,2.89037175789616
"411",2018-05-21,33,3.49650756146648
"412",2018-05-22,21,3.04452243772342
"413",2018-05-23,28,3.3322045101752
"414",2018-05-24,23,3.13549421592915
"415",2018-05-25,14,2.63905732961526
"416",2018-05-26,13,2.56494935746154
"417",2018-05-27,17,2.83321334405622
"418",2018-05-28,26,3.25809653802148
"419",2018-05-29,30,3.40119738166216
"420",2018-05-30,33,3.49650756146648
"421",2018-05-31,35,3.55534806148941
"422",2018-06-01,25,3.2188758248682
"423",2018-06-02,24,3.17805383034795
"424",2018-06-03,30,3.40119738166216
"425",2018-06-04,28,3.3322045101752
"426",2018-06-05,22,3.09104245335832
"427",2018-06-06,23,3.13549421592915
"428",2018-06-07,24,3.17805383034795
"429",2018-06-08,20,2.99573227355399
"430",2018-06-09,22,3.09104245335832
"431",2018-06-10,16,2.77258872223978
"432",2018-06-11,33,3.49650756146648
"433",2018-06-12,28,3.3322045101752
"434",2018-06-13,29,3.36729582998647
"435",2018-06-14,12,2.484906649788
"436",2018-06-15,8,2.07944154167984
"437",2018-06-16,12,2.484906649788
"438",2018-06-17,16,2.77258872223978
"439",2018-06-18,23,3.13549421592915
"440",2018-06-19,18,2.89037175789616
"441",2018-06-20,28,3.3322045101752
"442",2018-06-21,30,3.40119738166216
"443",2018-06-22,21,3.04452243772342
"444",2018-06-23,21,3.04452243772342
"445",2018-06-24,21,3.04452243772342
"446",2018-06-25,34,3.52636052461616
"447",2018-06-26,46,3.8286413964891
"448",2018-06-27,32,3.46573590279973
"449",2018-06-28,37,3.61091791264422
"450",2018-06-29,24,3.17805383034795
"451",2018-06-30,19,2.94443897916644
"452",2018-07-01,17,2.83321334405622
"453",2018-07-02,23,3.13549421592915
"454",2018-07-03,9,2.19722457733622
"455",2018-07-04,18,2.89037175789616
"456",2018-07-05,16,2.77258872223978
"457",2018-07-06,11,2.39789527279837
"458",2018-07-07,14,2.63905732961526
"459",2018-07-08,16,2.77258872223978
"460",2018-07-09,30,3.40119738166216
"461",2018-07-10,25,3.2188758248682
"462",2018-07-11,22,3.09104245335832
"463",2018-07-12,20,2.99573227355399
"464",2018-07-13,16,2.77258872223978
"465",2018-07-14,16,2.77258872223978
"466",2018-07-15,18,2.89037175789616
"467",2018-07-16,22,3.09104245335832
"468",2018-07-17,18,2.89037175789616
"469",2018-07-18,26,3.25809653802148
"470",2018-07-19,20,2.99573227355399
"471",2018-07-20,13,2.56494935746154
"472",2018-07-21,18,2.89037175789616
"473",2018-07-22,27,3.29583686600433
"474",2018-07-23,38,3.63758615972639
"475",2018-07-24,20,2.99573227355399
"476",2018-07-25,28,3.3322045101752
"477",2018-07-26,23,3.13549421592915
"478",2018-07-27,24,3.17805383034795
"479",2018-07-28,11,2.39789527279837
"480",2018-07-29,27,3.29583686600433
"481",2018-07-30,25,3.2188758248682
"482",2018-07-31,32,3.46573590279973
"483",2018-08-01,24,3.17805383034795
"484",2018-08-02,26,3.25809653802148
"485",2018-08-03,16,2.77258872223978
"486",2018-08-04,14,2.63905732961526
"487",2018-08-05,20,2.99573227355399
"488",2018-08-06,22,3.09104245335832
"489",2018-08-07,26,3.25809653802148
"490",2018-08-08,21,3.04452243772342
"491",2018-08-09,26,3.25809653802148
"492",2018-08-10,15,2.70805020110221
"493",2018-08-11,12,2.484906649788
"494",2018-08-12,33,3.49650756146648
"495",2018-08-13,27,3.29583686600433
"496",2018-08-14,23,3.13549421592915
"497",2018-08-15,24,3.17805383034795
"498",2018-08-16,15,2.70805020110221
"499",2018-08-17,15,2.70805020110221
"500",2018-08-18,17,2.83321334405622
"501",2018-08-19,23,3.13549421592915
"502",2018-08-20,30,3.40119738166216
"503",2018-08-21,25,3.2188758248682
"504",2018-08-22,19,2.94443897916644
"505",2018-08-23,23,3.13549421592915
"506",2018-08-24,17,2.83321334405622
"507",2018-08-25,9,2.19722457733622
"508",2018-08-26,19,2.94443897916644
"509",2018-08-27,33,3.49650756146648
"510",2018-08-28,22,3.09104245335832
"511",2018-08-29,28,3.3322045101752
"512",2018-08-30,17,2.83321334405622
"513",2018-08-31,23,3.13549421592915
"514",2018-09-01,16,2.77258872223978
"515",2018-09-02,17,2.83321334405622
"516",2018-09-03,19,2.94443897916644
"517",2018-09-04,21,3.04452243772342
"518",2018-09-05,22,3.09104245335832
"519",2018-09-06,25,3.2188758248682
"520",2018-09-07,23,3.13549421592915
"521",2018-09-08,9,2.19722457733622
"522",2018-09-09,23,3.13549421592915
"523",2018-09-10,18,2.89037175789616
"524",2018-09-11,28,3.3322045101752
"525",2018-09-12,27,3.29583686600433
"526",2018-09-13,21,3.04452243772342
"527",2018-09-14,17,2.83321334405622
"528",2018-09-15,22,3.09104245335832
"529",2018-09-16,30,3.40119738166216
"530",2018-09-17,19,2.94443897916644
"531",2018-09-18,27,3.29583686600433
"532",2018-09-19,28,3.3322045101752
"533",2018-09-20,17,2.83321334405622
"534",2018-09-21,18,2.89037175789616
"535",2018-09-22,13,2.56494935746154
"536",2018-09-23,31,3.43398720448515
"537",2018-09-24,26,3.25809653802148
"538",2018-09-25,24,3.17805383034795
"539",2018-09-26,27,3.29583686600433
"540",2018-09-27,15,2.70805020110221
"541",2018-09-28,14,2.63905732961526
"542",2018-09-29,14,2.63905732961526
"543",2018-09-30,29,3.36729582998647
"544",2018-10-01,15,2.70805020110221
"545",2018-10-02,20,2.99573227355399
"546",2018-10-03,18,2.89037175789616
"547",2018-10-04,18,2.89037175789616
"548",2018-10-05,13,2.56494935746154
"549",2018-10-06,14,2.63905732961526
"550",2018-10-07,14,2.63905732961526
"551",2018-10-08,22,3.09104245335832
"552",2018-10-09,12,2.484906649788
"553",2018-10-10,19,2.94443897916644
"554",2018-10-11,9,2.19722457733622
"555",2018-10-12,11,2.39789527279837
"556",2018-10-13,10,2.30258509299405
"557",2018-10-14,12,2.484906649788
"558",2018-10-15,25,3.2188758248682
"559",2018-10-16,13,2.56494935746154
"560",2018-10-17,22,3.09104245335832
"561",2018-10-18,14,2.63905732961526
"562",2018-10-19,16,2.77258872223978
"563",2018-10-20,14,2.63905732961526
"564",2018-10-21,15,2.70805020110221
"565",2018-10-22,21,3.04452243772342
"566",2018-10-23,25,3.2188758248682
"567",2018-10-24,16,2.77258872223978
"568",2018-10-25,17,2.83321334405622
"569",2018-10-26,14,2.63905732961526
"570",2018-10-27,7,1.94591014905531
"571",2018-10-28,16,2.77258872223978
"572",2018-10-29,23,3.13549421592915
"573",2018-10-30,18,2.89037175789616
"574",2018-10-31,11,2.39789527279837
"575",2018-11-01,12,2.484906649788
"576",2018-11-02,11,2.39789527279837
"577",2018-11-03,11,2.39789527279837
"578",2018-11-04,10,2.30258509299405
"579",2018-11-05,13,2.56494935746154
"580",2018-11-06,16,2.77258872223978
"581",2018-11-07,16,2.77258872223978
"582",2018-11-08,15,2.70805020110221
"583",2018-11-09,8,2.07944154167984
"584",2018-11-10,8,2.07944154167984
"585",2018-11-11,12,2.484906649788
"586",2018-11-12,18,2.89037175789616
"587",2018-11-13,16,2.77258872223978
"588",2018-11-14,14,2.63905732961526
"589",2018-11-15,12,2.484906649788
"590",2018-11-16,3,1.09861228866811
"591",2018-11-17,8,2.07944154167984
"592",2018-11-18,16,2.77258872223978
"593",2018-11-19,18,2.89037175789616
"594",2018-11-20,13,2.56494935746154
"595",2018-11-21,19,2.94443897916644
"596",2018-11-22,3,1.09861228866811
"597",2018-11-23,8,2.07944154167984
"598",2018-11-24,12,2.484906649788
"599",2018-11-25,17,2.83321334405622
"600",2018-11-26,16,2.77258872223978
"601",2018-11-27,15,2.70805020110221
"602",2018-11-28,23,3.13549421592915
"603",2018-11-29,19,2.94443897916644
"604",2018-11-30,10,2.30258509299405
"605",2018-12-01,13,2.56494935746154
"606",2018-12-02,12,2.484906649788
"607",2018-12-03,8,2.07944154167984
"608",2018-12-04,18,2.89037175789616
"609",2018-12-05,7,1.94591014905531
"610",2018-12-06,15,2.70805020110221
"611",2018-12-07,7,1.94591014905531
"612",2018-12-08,7,1.94591014905531
"613",2018-12-09,8,2.07944154167984
"614",2018-12-10,16,2.77258872223978
"615",2018-12-11,21,3.04452243772342
"616",2018-12-12,17,2.83321334405622
"617",2018-12-13,10,2.30258509299405
"618",2018-12-14,11,2.39789527279837
"619",2018-12-15,10,2.30258509299405
"620",2018-12-16,13,2.56494935746154
"621",2018-12-17,9,2.19722457733622
"622",2018-12-18,13,2.56494935746154
"623",2018-12-19,14,2.63905732961526
"624",2018-12-20,10,2.30258509299405
"625",2018-12-21,16,2.77258872223978
"626",2018-12-22,8,2.07944154167984
"627",2018-12-23,5,1.6094379124341
"628",2018-12-24,6,1.79175946922805
"629",2018-12-25,5,1.6094379124341
"630",2018-12-26,11,2.39789527279837
"631",2018-12-27,13,2.56494935746154
"632",2018-12-28,10,2.30258509299405
"633",2018-12-29,5,1.6094379124341
"634",2018-12-30,11,2.39789527279837
"635",2018-12-31,33,3.49650756146648
"636",2019-01-01,8,2.07944154167984
"637",2019-01-02,14,2.63905732961526
"638",2019-01-03,17,2.83321334405622
"639",2019-01-04,11,2.39789527279837
"640",2019-01-05,11,2.39789527279837
"641",2019-01-06,15,2.70805020110221
"642",2019-01-07,12,2.484906649788
"643",2019-01-08,17,2.83321334405622
"644",2019-01-09,13,2.56494935746154
"645",2019-01-10,15,2.70805020110221
"646",2019-01-11,16,2.77258872223978
"647",2019-01-12,13,2.56494935746154
"648",2019-01-13,16,2.77258872223978
"649",2019-01-14,29,3.36729582998647
"650",2019-01-15,24,3.17805383034795
"651",2019-01-16,25,3.2188758248682
"652",2019-01-17,17,2.83321334405622
"653",2019-01-18,10,2.30258509299405
"654",2019-01-19,12,2.484906649788
"655",2019-01-20,24,3.17805383034795
"656",2019-01-21,20,2.99573227355399
"657",2019-01-22,20,2.99573227355399
"658",2019-01-23,21,3.04452243772342
"659",2019-01-24,13,2.56494935746154
"660",2019-01-25,9,2.19722457733622
"661",2019-01-26,14,2.63905732961526
"662",2019-01-27,21,3.04452243772342
"663",2019-01-28,21,3.04452243772342
"664",2019-01-29,19,2.94443897916644
"665",2019-01-30,21,3.04452243772342
"666",2019-01-31,27,3.29583686600433
"667",2019-02-01,14,2.63905732961526
"668",2019-02-02,9,2.19722457733622
"669",2019-02-03,18,2.89037175789616
"670",2019-02-04,20,2.99573227355399
"671",2019-02-05,20,2.99573227355399
"672",2019-02-06,12,2.484906649788
"673",2019-02-07,16,2.77258872223978
"674",2019-02-08,9,2.19722457733622
"675",2019-02-09,23,3.13549421592915
"676",2019-02-10,25,3.2188758248682
"677",2019-02-11,23,3.13549421592915
"678",2019-02-12,26,3.25809653802148
"679",2019-02-13,19,2.94443897916644
"680",2019-02-14,9,2.19722457733622
"681",2019-02-15,8,2.07944154167984
"682",2019-02-16,12,2.484906649788
"683",2019-02-17,15,2.70805020110221
"684",2019-02-18,23,3.13549421592915
"685",2019-02-19,17,2.83321334405622
"686",2019-02-20,21,3.04452243772342
"687",2019-02-21,26,3.25809653802148
"688",2019-02-22,10,2.30258509299405
"689",2019-02-23,12,2.484906649788
"690",2019-02-24,33,3.49650756146648
"691",2019-02-25,32,3.46573590279973
"692",2019-02-26,19,2.94443897916644
"693",2019-02-27,24,3.17805383034795
"694",2019-02-28,15,2.70805020110221
"695",2019-03-01,7,1.94591014905531
"696",2019-03-02,12,2.484906649788
"697",2019-03-03,10,2.30258509299405
"698",2019-03-04,16,2.77258872223978
"699",2019-03-05,11,2.39789527279837
"700",2019-03-06,27,3.29583686600433
"701",2019-03-07,18,2.89037175789616
"702",2019-03-08,12,2.484906649788
"703",2019-03-09,11,2.39789527279837
"704",2019-03-10,18,2.89037175789616
"705",2019-03-11,24,3.17805383034795
"706",2019-03-12,17,2.83321334405622
"707",2019-03-13,26,3.25809653802148
"708",2019-03-14,15,2.70805020110221
"709",2019-03-15,9,2.19722457733622
"710",2019-03-16,12,2.484906649788
"711",2019-03-17,7,1.94591014905531
"712",2019-03-18,22,3.09104245335832
"713",2019-03-19,23,3.13549421592915
"714",2019-03-20,11,2.39789527279837
"715",2019-03-21,9,2.19722457733622
"716",2019-03-22,14,2.63905732961526
"717",2019-03-23,18,2.89037175789616
"718",2019-03-24,16,2.77258872223978
"719",2019-03-25,25,3.2188758248682
"720",2019-03-26,9,2.19722457733622
"721",2019-03-27,13,2.56494935746154
"722",2019-03-28,17,2.83321334405622
"723",2019-03-29,9,2.19722457733622
"724",2019-03-30,7,1.94591014905531
"725",2019-03-31,25,3.2188758248682
"726",2019-04-01,25,3.2188758248682
"727",2019-04-02,19,2.94443897916644
"728",2019-04-03,16,2.77258872223978
"729",2019-04-04,18,2.89037175789616
"730",2019-04-05,10,2.30258509299405
"731",2019-04-06,7,1.94591014905531
"732",2019-04-07,23,3.13549421592915
"733",2019-04-08,13,2.56494935746154
"734",2019-04-09,28,3.3322045101752
"735",2019-04-10,39,3.66356164612965
"736",2019-04-11,41,3.71357206670431
"737",2019-04-12,24,3.17805383034795
"738",2019-04-13,15,2.70805020110221
"739",2019-04-14,33,3.49650756146648
"740",2019-04-15,41,3.71357206670431
"741",2019-04-16,43,3.76120011569356
"742",2019-04-17,38,3.63758615972639
"743",2019-04-18,32,3.46573590279973
"744",2019-04-19,36,3.58351893845611
"745",2019-04-20,34,3.52636052461616
"746",2019-04-21,19,2.94443897916644
"747",2019-04-22,39,3.66356164612965
"748",2019-04-23,36,3.58351893845611
"749",2019-04-24,29,3.36729582998647
"750",2019-04-25,36,3.58351893845611
"751",2019-04-26,17,2.83321334405622
"752",2019-04-27,21,3.04452243772342
"753",2019-04-28,35,3.55534806148941
"754",2019-04-29,38,3.63758615972639
"755",2019-04-30,34,3.52636052461616
"756",2019-05-01,35,3.55534806148941
"757",2019-05-02,29,3.36729582998647
"758",2019-05-03,29,3.36729582998647
"759",2019-05-04,30,3.40119738166216
"760",2019-05-05,11,2.39789527279837
"761",2019-05-06,47,3.85014760171006
"762",2019-05-07,35,3.55534806148941
"763",2019-05-08,34,3.52636052461616
"764",2019-05-09,34,3.52636052461616
"765",2019-05-10,32,3.46573590279973
"766",2019-05-11,16,2.77258872223978
"767",2019-05-12,21,3.04452243772342
"768",2019-05-13,31,3.43398720448515
"769",2019-05-14,29,3.36729582998647
"770",2019-05-15,36,3.58351893845611
"771",2019-05-16,27,3.29583686600433
"772",2019-05-17,25,3.2188758248682
"773",2019-05-18,20,2.99573227355399
"774",2019-05-19,31,3.43398720448515
"775",2019-05-20,40,3.68887945411394
"776",2019-05-21,19,2.94443897916644
"777",2019-05-22,30,3.40119738166216
"778",2019-05-23,38,3.63758615972639
"779",2019-05-24,29,3.36729582998647
"780",2019-05-25,23,3.13549421592915
"781",2019-05-26,24,3.17805383034795
"782",2019-05-27,38,3.63758615972639
"783",2019-05-28,58,4.06044301054642
"784",2019-05-29,42,3.73766961828337
"785",2019-05-30,41,3.71357206670431
"786",2019-05-31,46,3.8286413964891
"787",2019-06-01,23,3.13549421592915
"788",2019-06-02,34,3.52636052461616
"789",2019-06-03,45,3.80666248977032
"790",2019-06-04,49,3.89182029811063
"791",2019-06-05,31,3.43398720448515
"792",2019-06-06,32,3.46573590279973
"793",2019-06-07,24,3.17805383034795
"794",2019-06-08,22,3.09104245335832
"795",2019-06-09,32,3.46573590279973
"796",2019-06-10,41,3.71357206670431
"797",2019-06-11,37,3.61091791264422
"798",2019-06-12,30,3.40119738166216
"799",2019-06-13,36,3.58351893845611
"800",2019-06-14,27,3.29583686600433
"801",2019-06-15,25,3.2188758248682
"802",2019-06-16,36,3.58351893845611
"803",2019-06-17,40,3.68887945411394
"804",2019-06-18,39,3.66356164612965
"805",2019-06-19,27,3.29583686600433
"806",2019-06-20,41,3.71357206670431
"807",2019-06-21,43,3.76120011569356
"808",2019-06-22,27,3.29583686600433
"809",2019-06-23,30,3.40119738166216
"810",2019-06-24,45,3.80666248977032
"811",2019-06-25,47,3.85014760171006
"812",2019-06-26,31,3.43398720448515
"813",2019-06-27,36,3.58351893845611
"814",2019-06-28,31,3.43398720448515
"815",2019-06-29,29,3.36729582998647
"816",2019-06-30,48,3.87120101090789
"817",2019-07-01,25,3.2188758248682
"818",2019-07-02,34,3.52636052461616
"819",2019-07-03,27,3.29583686600433
"820",2019-07-04,16,2.77258872223978
"821",2019-07-05,30,3.40119738166216
"822",2019-07-06,33,3.49650756146648
"823",2019-07-07,35,3.55534806148941
"824",2019-07-08,33,3.49650756146648
"825",2019-07-09,39,3.66356164612965
"826",2019-07-10,38,3.63758615972639
"827",2019-07-11,47,3.85014760171006
"828",2019-07-12,32,3.46573590279973
"829",2019-07-13,22,3.09104245335832
"830",2019-07-14,42,3.73766961828337
"831",2019-07-15,53,3.97029191355212
"832",2019-07-16,42,3.73766961828337
"833",2019-07-17,50,3.91202300542815
"834",2019-07-18,41,3.71357206670431
"835",2019-07-19,30,3.40119738166216
"836",2019-07-20,33,3.49650756146648
"837",2019-07-21,41,3.71357206670431
"838",2019-07-22,51,3.93182563272433
"839",2019-07-23,38,3.63758615972639
"840",2019-07-24,32,3.46573590279973
"841",2019-07-25,21,3.04452243772342
"842",2019-07-26,33,3.49650756146648
"843",2019-07-27,28,3.3322045101752
"844",2019-07-28,36,3.58351893845611
"845",2019-07-29,53,3.97029191355212
"846",2019-07-30,51,3.93182563272433
"847",2019-07-31,58,4.06044301054642
"848",2019-08-01,32,3.46573590279973
"849",2019-08-02,26,3.25809653802148
"850",2019-08-03,29,3.36729582998647
"851",2019-08-04,23,3.13549421592915
"852",2019-08-05,39,3.66356164612965
"853",2019-08-06,31,3.43398720448515
"854",2019-08-07,24,3.17805383034795
"855",2019-08-08,31,3.43398720448515
"856",2019-08-09,26,3.25809653802148
"857",2019-08-10,16,2.77258872223978
"858",2019-08-11,42,3.73766961828337
"859",2019-08-12,39,3.66356164612965
"860",2019-08-13,40,3.68887945411394
"861",2019-08-14,36,3.58351893845611
"862",2019-08-15,28,3.3322045101752
"863",2019-08-16,26,3.25809653802148
"864",2019-08-17,34,3.52636052461616
"865",2019-08-18,34,3.52636052461616
"866",2019-08-19,25,3.2188758248682
"867",2019-08-20,32,3.46573590279973
"868",2019-08-21,32,3.46573590279973
"869",2019-08-22,32,3.46573590279973
"870",2019-08-23,15,2.70805020110221
"871",2019-08-24,23,3.13549421592915
"872",2019-08-25,31,3.43398720448515
"873",2019-08-26,48,3.87120101090789
"874",2019-08-27,36,3.58351893845611
"875",2019-08-28,31,3.43398720448515
"876",2019-08-29,38,3.63758615972639
"877",2019-08-30,39,3.66356164612965
"878",2019-08-31,32,3.46573590279973
"879",2019-09-01,22,3.09104245335832
"880",2019-09-02,32,3.46573590279973
"881",2019-09-03,39,3.66356164612965
"882",2019-09-04,31,3.43398720448515
"883",2019-09-05,22,3.09104245335832
"884",2019-09-06,14,2.63905732961526
"885",2019-09-07,13,2.56494935746154
"886",2019-09-08,26,3.25809653802148
"887",2019-09-09,29,3.36729582998647
"888",2019-09-10,41,3.71357206670431
"889",2019-09-11,45,3.80666248977032
"890",2019-09-12,40,3.68887945411394
"891",2019-09-13,32,3.46573590279973
"892",2019-09-14,33,3.49650756146648
"893",2019-09-15,29,3.36729582998647
"894",2019-09-16,33,3.49650756146648
"895",2019-09-17,30,3.40119738166216
"896",2019-09-18,25,3.2188758248682
"897",2019-09-19,31,3.43398720448515
"898",2019-09-20,15,2.70805020110221
"899",2019-09-21,20,2.99573227355399
"900",2019-09-22,35,3.55534806148941
"901",2019-09-23,25,3.2188758248682
"902",2019-09-24,35,3.55534806148941
"903",2019-09-25,40,3.68887945411394
"904",2019-09-26,25,3.2188758248682
"905",2019-09-27,27,3.29583686600433
"906",2019-09-28,34,3.52636052461616
"907",2019-09-29,47,3.85014760171006
"908",2019-09-30,36,3.58351893845611
"909",2019-10-01,30,3.40119738166216
"910",2019-10-02,39,3.66356164612965
"911",2019-10-03,38,3.63758615972639
"912",2019-10-04,23,3.13549421592915
"913",2019-10-05,24,3.17805383034795
"914",2019-10-06,36,3.58351893845611
"915",2019-10-07,35,3.55534806148941
"916",2019-10-08,40,3.68887945411394
"917",2019-10-09,37,3.61091791264422
"918",2019-10-10,28,3.3322045101752
"919",2019-10-11,28,3.3322045101752
"920",2019-10-12,22,3.09104245335832
"921",2019-10-13,24,3.17805383034795
"922",2019-10-14,36,3.58351893845611
"923",2019-10-15,36,3.58351893845611
"924",2019-10-16,28,3.3322045101752
"925",2019-10-17,45,3.80666248977032
"926",2019-10-18,26,3.25809653802148
"927",2019-10-19,27,3.29583686600433
"928",2019-10-20,31,3.43398720448515
"929",2019-10-21,46,3.8286413964891
"930",2019-10-22,45,3.80666248977032
"931",2019-10-23,48,3.87120101090789
"932",2019-10-24,37,3.61091791264422
"933",2019-10-25,24,3.17805383034795
"934",2019-10-26,23,3.13549421592915
"935",2019-10-27,47,3.85014760171006
"936",2019-10-28,40,3.68887945411394
"937",2019-10-29,44,3.78418963391826
"938",2019-10-30,33,3.49650756146648
"939",2019-10-31,41,3.71357206670431
"940",2019-11-01,13,2.56494935746154
"941",2019-11-02,35,3.55534806148941
"942",2019-11-03,35,3.55534806148941
"943",2019-11-04,50,3.91202300542815
"944",2019-11-05,42,3.73766961828337
"945",2019-11-06,38,3.63758615972639
"946",2019-11-07,23,3.13549421592915
"947",2019-11-08,21,3.04452243772342
"948",2019-11-09,16,2.77258872223978
"949",2019-11-10,32,3.46573590279973
"950",2019-11-11,39,3.66356164612965
"951",2019-11-12,19,2.94443897916644
"952",2019-11-13,27,3.29583686600433
"953",2019-11-14,38,3.63758615972639
"954",2019-11-15,23,3.13549421592915
"955",2019-11-16,23,3.13549421592915
"956",2019-11-17,15,2.70805020110221
